{ "frames": {
   "Sprite-0001 0.": {
    "frame": { "x": 0, "y": 0, "w": 48, "h": 48 },
    "rotated": false,
    "trimmed": false,
    "spriteSourceSize": { "x": 0, "y": 0, "w": 48, "h": 48 },
    "sourceSize": { "w": 48, "h": 48 },
    "duration": 100
   },
   "Sprite-0001 1.": {
    "frame": { "x": 48, "y": 0, "w": 48, "h": 48 },
    "rotated": false,
    "trimmed": false,
    "spriteSourceSize": { "x": 0, "y": 0, "w": 48, "h": 48 },
    "sourceSize": { "w": 48, "h": 48 },
    "duration": 100
   },
   "Sprite-0001 2.": {
    "frame": { "x": 96, "y": 0, "w": 48, "h": 48 },
    "rotated": false,
    "trimmed": false,
    "spriteSourceSize": { "x": 0, "y": 0, "w": 48, "h": 48 },
    "sourceSize": { "w": 48, "h": 48 },
    "duration": 100
   },
   "Sprite-0001 3.": {
    "frame": { "x": 144, "y": 0, "w": 48, "h": 48 },
    "rotated": false,
    "trimmed": false,
    "spriteSourceSize": { "x": 0, "y": 0, "w": 48, "h": 48 },
    "sourceSize": { "w": 48, "h": 48 },
    "duration": 100
   },
   "Sprite-0001 4.": {
    "frame": { "x": 0, "y": 48, "w": 48, "h": 48 },
    "rotated": false,
    "trimmed": false,
    "spriteSourceSize": { "x": 0, "y": 0, "w": 48, "h": 48 },
    "sourceSize": { "w": 48, "h": 48 },
    "duration": 100
   },
   "Sprite-0001 5.": {
    "frame": { "x": 48, "y": 48, "w": 48, "h": 48 },
    "rotated": false,
    "trimmed": false,
    "spriteSourceSize": { "x": 0, "y": 0, "w": 48, "h": 48 },
    "sourceSize": { "w": 48, "h": 48 },
    "duration": 100
   },
   "Sprite-0001 6.": {
    "frame": { "x": 96, "y": 48, "w": 48, "h": 48 },
    "rotated": false,
    "trimmed": false,
    "spriteSourceSize": { "x": 0, "y": 0, "w": 48, "h": 48 },
    "sourceSize": { "w": 48, "h": 48 },
    "duration": 100
   },
   "Sprite-0001 7.": {
    "frame": { "x": 144, "y": 48, "w": 48, "h": 48 },
    "rotated": false,
    "trimmed": false,
    "spriteSourceSize": { "x": 0, "y": 0, "w": 48, "h": 48 },
    "sourceSize": { "w": 48, "h": 48 },
    "duration": 100
   },
   "Sprite-0001 8.": {
    "frame": { "x": 0, "y": 96, "w": 48, "h": 48 },
    "rotated": false,
    "trimmed": false,
    "spriteSourceSize": { "x": 0, "y": 0, "w": 48, "h": 48 },
    "sourceSize": { "w": 48, "h": 48 },
    "duration": 100
   },
   "Sprite-0001 9.": {
    "frame": { "x": 48, "y": 96, "w": 48, "h": 48 },
    "rotated": false,
    "trimmed": false,
    "spriteSourceSize": { "x": 0, "y": 0, "w": 48, "h": 48 },
    "sourceSize": { "w": 48, "h": 48 },
    "duration": 100
   },
   "Sprite-0001 10.": {
    "frame": { "x": 96, "y": 96, "w": 48, "h": 48 },
    "rotated": false,
    "trimmed": false,
    "spriteSourceSize": { "x": 0, "y": 0, "w": 48, "h": 48 },
    "sourceSize": { "w": 48, "h": 48 },
    "duration": 100
   },
   "Sprite-0001 11.": {
    "frame": { "x": 144, "y": 96, "w": 48, "h": 48 },
    "rotated": false,
    "trimmed": false,
    "spriteSourceSize": { "x": 0, "y": 0, "w": 48, "h": 48 },
    "sourceSize": { "w": 48, "h": 48 },
    "duration": 100
   }
 },
 "meta": {
  "app": "https://www.aseprite.org/",
  "version": "1.3.15.2-x64",
  "image": "slime.png",
  "format": "RGBA8888",
  "size": { "w": 192, "h": 144 },
  "scale": "1",
  "frameTags": [
   { "name": "idle", "from": 0, "to": 3, "direction": "forward", "color": "#000000ff" },
   { "name": "Hit", "from": 4, "to": 5, "direction": "forward", "color": "#000000ff" },
   { "name": "Death", "from": 6, "to": 12, "direction": "forward", "color": "#000000ff" }
  ],
  "layers": [
   { "name": "Layer 1", "opacity": 255, "blendMode": "normal" }
  ],
  "slices": [
  ]
 }
}
